<?xml version="1.0" encoding="UTF-8"?>
<!--
Copyright 2020 The Aerospace Corporation

This file is part of SatCat5.

SatCat5 is free software: you can redistribute it and/or modify it under
the terms of the GNU Lesser General Public License as published by the
Free Software Foundation, either version 3 of the License, or (at your
option) any later version.

SatCat5 is distributed in the hope that it will be useful, but WITHOUT
ANY WARRANTY; without even the implied warranty of MERCHANTABILITY or
FITNESS FOR A PARTICULAR PURPOSE.  See the GNU Lesser General Public
License for more details.

You should have received a copy of the GNU Lesser General Public License
along with SatCat5.  If not, see <https://www.gnu.org/licenses/>.
-->
<spirit:abstractionDefinition xmlns:xilinx="http://www.xilinx.com" xmlns:spirit="http://www.spiritconsortium.org/XMLSchema/SPIRIT/1685-2009" xmlns:xsi="http://www.w3.org/2001/XMLSchema-instance">
  <spirit:vendor>aero.org</spirit:vendor>
  <spirit:library>satcat5</spirit:library>
  <spirit:name>EthPort_rtl</spirit:name>
  <spirit:version>1.0</spirit:version>
  <spirit:busType spirit:vendor="aero.org" spirit:library="satcat5" spirit:name="EthPort" spirit:version="1.0"/>
  <spirit:ports>
    <spirit:port>
      <spirit:logicalName>rx_clk</spirit:logicalName>
      <spirit:description>Ingress clock</spirit:description>
      <spirit:wire>
        <spirit:qualifier>
          <spirit:isClock>true</spirit:isClock>
        </spirit:qualifier>
        <spirit:onMaster>
          <spirit:presence>required</spirit:presence>
          <spirit:width>1</spirit:width>
        </spirit:onMaster>
        <spirit:onSlave>
          <spirit:presence>required</spirit:presence>
          <spirit:width>1</spirit:width>
          <spirit:direction>in</spirit:direction>
        </spirit:onSlave>
      </spirit:wire>
    </spirit:port>
    <spirit:port>
      <spirit:logicalName>rx_data</spirit:logicalName>
      <spirit:description>Ingress data</spirit:description>
      <spirit:wire>
        <spirit:qualifier>
          <spirit:isData>true</spirit:isData>
        </spirit:qualifier>
        <spirit:onMaster>
          <spirit:presence>required</spirit:presence>
          <spirit:width>8</spirit:width>
        </spirit:onMaster>
        <spirit:onSlave>
          <spirit:presence>required</spirit:presence>
          <spirit:width>8</spirit:width>
          <spirit:direction>in</spirit:direction>
        </spirit:onSlave>
      </spirit:wire>
    </spirit:port>
    <spirit:port>
      <spirit:logicalName>rx_last</spirit:logicalName>
      <spirit:description>Ingress end-of-frame</spirit:description>
      <spirit:wire>
        <spirit:onMaster>
          <spirit:presence>required</spirit:presence>
          <spirit:width>1</spirit:width>
        </spirit:onMaster>
        <spirit:onSlave>
          <spirit:presence>required</spirit:presence>
          <spirit:width>1</spirit:width>
          <spirit:direction>in</spirit:direction>
        </spirit:onSlave>
      </spirit:wire>
    </spirit:port>
    <spirit:port>
      <spirit:logicalName>rx_write</spirit:logicalName>
      <spirit:description>Ingress new-data strobe</spirit:description>
      <spirit:wire>
        <spirit:onMaster>
          <spirit:presence>required</spirit:presence>
          <spirit:width>1</spirit:width>
        </spirit:onMaster>
        <spirit:onSlave>
          <spirit:presence>required</spirit:presence>
          <spirit:width>1</spirit:width>
          <spirit:direction>in</spirit:direction>
        </spirit:onSlave>
      </spirit:wire>
    </spirit:port>
    <spirit:port>
      <spirit:logicalName>rx_error</spirit:logicalName>
      <spirit:description>Ingress error strobe</spirit:description>
      <spirit:wire>
        <spirit:onMaster>
          <spirit:width>1</spirit:width>
        </spirit:onMaster>
        <spirit:onSlave>
          <spirit:presence>required</spirit:presence>
          <spirit:width>1</spirit:width>
          <spirit:direction>in</spirit:direction>
        </spirit:onSlave>
      </spirit:wire>
    </spirit:port>
    <spirit:port>
      <spirit:logicalName>rx_rate</spirit:logicalName>
      <spirit:description>Estimated line rate</spirit:description>
      <spirit:wire>
        <spirit:onMaster>
          <spirit:width>16</spirit:width>
        </spirit:onMaster>
        <spirit:onSlave>
          <spirit:presence>required</spirit:presence>
          <spirit:width>16</spirit:width>
          <spirit:direction>in</spirit:direction>
        </spirit:onSlave>
      </spirit:wire>
    </spirit:port>
    <spirit:port>
      <spirit:logicalName>rx_status</spirit:logicalName>
      <spirit:description>Diagnostic status flags</spirit:description>
      <spirit:wire>
        <spirit:onMaster>
          <spirit:width>8</spirit:width>
        </spirit:onMaster>
        <spirit:onSlave>
          <spirit:presence>required</spirit:presence>
          <spirit:width>8</spirit:width>
          <spirit:direction>in</spirit:direction>
        </spirit:onSlave>
      </spirit:wire>
    </spirit:port>
    <spirit:port>
      <spirit:logicalName>rx_reset</spirit:logicalName>
      <spirit:description>Ingress reset</spirit:description>
      <spirit:wire>
        <spirit:qualifier>
          <spirit:isReset>true</spirit:isReset>
        </spirit:qualifier>
        <spirit:onMaster>
          <spirit:width>1</spirit:width>
        </spirit:onMaster>
        <spirit:onSlave>
          <spirit:presence>required</spirit:presence>
          <spirit:width>1</spirit:width>
          <spirit:direction>in</spirit:direction>
        </spirit:onSlave>
      </spirit:wire>
    </spirit:port>
    <spirit:port>
      <spirit:logicalName>tx_clk</spirit:logicalName>
      <spirit:description>Egress clock</spirit:description>
      <spirit:wire>
        <spirit:qualifier>
          <spirit:isClock>true</spirit:isClock>
        </spirit:qualifier>
        <spirit:onMaster>
          <spirit:presence>required</spirit:presence>
          <spirit:width>1</spirit:width>
        </spirit:onMaster>
        <spirit:onSlave>
          <spirit:presence>required</spirit:presence>
          <spirit:width>1</spirit:width>
          <spirit:direction>in</spirit:direction>
        </spirit:onSlave>
      </spirit:wire>
    </spirit:port>
    <spirit:port>
      <spirit:logicalName>tx_data</spirit:logicalName>
      <spirit:description>Egress data</spirit:description>
      <spirit:wire>
        <spirit:qualifier>
          <spirit:isData>true</spirit:isData>
        </spirit:qualifier>
        <spirit:onMaster>
          <spirit:presence>required</spirit:presence>
          <spirit:width>8</spirit:width>
          <spirit:direction>in</spirit:direction>
        </spirit:onMaster>
        <spirit:onSlave>
          <spirit:presence>required</spirit:presence>
          <spirit:width>8</spirit:width>
        </spirit:onSlave>
      </spirit:wire>
    </spirit:port>
    <spirit:port>
      <spirit:logicalName>tx_last</spirit:logicalName>
      <spirit:description>Egress end-of-frame</spirit:description>
      <spirit:wire>
        <spirit:onMaster>
          <spirit:presence>required</spirit:presence>
          <spirit:width>1</spirit:width>
          <spirit:direction>in</spirit:direction>
        </spirit:onMaster>
        <spirit:onSlave>
          <spirit:presence>required</spirit:presence>
          <spirit:width>1</spirit:width>
        </spirit:onSlave>
      </spirit:wire>
    </spirit:port>
    <spirit:port>
      <spirit:logicalName>tx_valid</spirit:logicalName>
      <spirit:description>Ingress data-valid</spirit:description>
      <spirit:wire>
        <spirit:onMaster>
          <spirit:presence>required</spirit:presence>
          <spirit:width>1</spirit:width>
          <spirit:direction>in</spirit:direction>
        </spirit:onMaster>
        <spirit:onSlave>
          <spirit:presence>required</spirit:presence>
          <spirit:width>1</spirit:width>
        </spirit:onSlave>
      </spirit:wire>
    </spirit:port>
    <spirit:port>
      <spirit:logicalName>tx_ready</spirit:logicalName>
      <spirit:description>Egress data-ready</spirit:description>
      <spirit:wire>
        <spirit:onMaster>
          <spirit:presence>required</spirit:presence>
          <spirit:width>1</spirit:width>
        </spirit:onMaster>
        <spirit:onSlave>
          <spirit:presence>required</spirit:presence>
          <spirit:width>1</spirit:width>
          <spirit:direction>in</spirit:direction>
        </spirit:onSlave>
      </spirit:wire>
    </spirit:port>
    <spirit:port>
      <spirit:logicalName>tx_error</spirit:logicalName>
      <spirit:description>Egress error strobe</spirit:description>
      <spirit:wire>
        <spirit:onMaster>
          <spirit:width>1</spirit:width>
        </spirit:onMaster>
        <spirit:onSlave>
          <spirit:presence>required</spirit:presence>
          <spirit:width>1</spirit:width>
          <spirit:direction>in</spirit:direction>
        </spirit:onSlave>
      </spirit:wire>
    </spirit:port>
    <spirit:port>
      <spirit:logicalName>tx_reset</spirit:logicalName>
      <spirit:description>Egress reset</spirit:description>
      <spirit:wire>
        <spirit:qualifier>
          <spirit:isReset>true</spirit:isReset>
        </spirit:qualifier>
        <spirit:onMaster>
          <spirit:width>1</spirit:width>
        </spirit:onMaster>
        <spirit:onSlave>
          <spirit:presence>required</spirit:presence>
          <spirit:width>1</spirit:width>
          <spirit:direction>in</spirit:direction>
        </spirit:onSlave>
      </spirit:wire>
    </spirit:port>
  </spirit:ports>
  <spirit:vendorExtensions>
    <xilinx:abstractionDefinitionInfo>
      <xilinx:displayName>EthPort</xilinx:displayName>
    </xilinx:abstractionDefinitionInfo>
  </spirit:vendorExtensions>
</spirit:abstractionDefinition>
